layer,probe_acc,chance,encoder,task,target
0,0.1976190476190476,0.125,af3_own,chord_quality,quality
1,0.2273809523809523,0.125,af3_own,chord_quality,quality
2,0.2265873015873016,0.125,af3_own,chord_quality,quality
3,0.2075396825396825,0.125,af3_own,chord_quality,quality
4,0.2071428571428571,0.125,af3_own,chord_quality,quality
5,0.2234126984126984,0.125,af3_own,chord_quality,quality
6,0.2043650793650794,0.125,af3_own,chord_quality,quality
7,0.1996031746031746,0.125,af3_own,chord_quality,quality
8,0.1884920634920635,0.125,af3_own,chord_quality,quality
9,0.2103174603174603,0.125,af3_own,chord_quality,quality
10,0.1833333333333333,0.125,af3_own,chord_quality,quality
11,0.1880952380952381,0.125,af3_own,chord_quality,quality
12,0.1972222222222222,0.125,af3_own,chord_quality,quality
13,0.219047619047619,0.125,af3_own,chord_quality,quality
14,0.2301587301587301,0.125,af3_own,chord_quality,quality
15,0.2301587301587301,0.125,af3_own,chord_quality,quality
16,0.2301587301587301,0.125,af3_own,chord_quality,quality
17,0.2134920634920634,0.125,af3_own,chord_quality,quality
18,0.2623015873015873,0.125,af3_own,chord_quality,quality
19,0.2265873015873016,0.125,af3_own,chord_quality,quality
20,0.2166666666666666,0.125,af3_own,chord_quality,quality
21,0.1916666666666666,0.125,af3_own,chord_quality,quality
22,0.1638888888888889,0.125,af3_own,chord_quality,quality
23,0.1496031746031746,0.125,af3_own,chord_quality,quality
24,0.1666666666666666,0.125,af3_own,chord_quality,quality
25,0.1916666666666666,0.125,af3_own,chord_quality,quality
26,0.1936507936507936,0.125,af3_own,chord_quality,quality
27,0.1634920634920634,0.125,af3_own,chord_quality,quality
28,0.1277777777777777,0.125,af3_own,chord_quality,quality
29,0.1416666666666666,0.125,af3_own,chord_quality,quality
30,0.1257936507936508,0.125,af3_own,chord_quality,quality
31,0.1357142857142857,0.125,af3_own,chord_quality,quality
32,0.1134920634920634,0.125,af3_own,chord_quality,quality
0,0.1259141436302472,0.0833333333333333,af3_own,interval_id,ground_truth
1,0.0957138852323143,0.0833333333333333,af3_own,interval_id,ground_truth
2,0.1391478962507922,0.0833333333333333,af3_own,interval_id,ground_truth
3,0.1196248354541465,0.0833333333333333,af3_own,interval_id,ground_truth
4,0.1435357856759787,0.0833333333333333,af3_own,interval_id,ground_truth
5,0.1364389839598264,0.0833333333333333,af3_own,interval_id,ground_truth
6,0.1364389839598264,0.0833333333333333,af3_own,interval_id,ground_truth
7,0.1496727365803715,0.0833333333333333,af3_own,interval_id,ground_truth
8,0.1784103651699088,0.0833333333333333,af3_own,interval_id,ground_truth
9,0.1825819072692701,0.0833333333333333,af3_own,interval_id,ground_truth
10,0.1809669201891668,0.0833333333333333,af3_own,interval_id,ground_truth
11,0.1328585880746916,0.0833333333333333,af3_own,interval_id,ground_truth
12,0.1364389839598264,0.0833333333333333,af3_own,interval_id,ground_truth
13,0.1643691190093121,0.0833333333333333,af3_own,interval_id,ground_truth
14,0.1435357856759787,0.0833333333333333,af3_own,interval_id,ground_truth
15,0.1343212178830871,0.0833333333333333,af3_own,interval_id,ground_truth
16,0.1357838476914826,0.0833333333333333,af3_own,interval_id,ground_truth
17,0.1357838476914826,0.0833333333333333,af3_own,interval_id,ground_truth
18,0.1412656623275315,0.0833333333333333,af3_own,interval_id,ground_truth
19,0.1490176003120276,0.0833333333333333,af3_own,interval_id,ground_truth
20,0.1335137243430354,0.0833333333333333,af3_own,interval_id,ground_truth
21,0.1419207985958754,0.0833333333333333,af3_own,interval_id,ground_truth
22,0.161443859392521,0.0833333333333333,af3_own,interval_id,ground_truth
23,0.1735196967480864,0.0833333333333333,af3_own,interval_id,ground_truth
24,0.1336660816147433,0.0833333333333333,af3_own,interval_id,ground_truth
25,0.1262188581736629,0.0833333333333333,af3_own,interval_id,ground_truth
26,0.1239487348252157,0.0833333333333333,af3_own,interval_id,ground_truth
27,0.096521378772366,0.0833333333333333,af3_own,interval_id,ground_truth
28,0.1028106869484666,0.0833333333333333,af3_own,interval_id,ground_truth
29,0.1105626249329628,0.0833333333333333,af3_own,interval_id,ground_truth
30,0.1252590073619033,0.0833333333333333,af3_own,interval_id,ground_truth
31,0.1251066500901955,0.0833333333333333,af3_own,interval_id,ground_truth
32,0.1089476378528594,0.0833333333333333,af3_own,interval_id,ground_truth
0,0.163034188034188,0.0416666666666666,af3_own,key_id,ground_truth
1,0.1685897435897435,0.0416666666666666,af3_own,key_id,ground_truth
2,0.1179487179487179,0.0416666666666666,af3_own,key_id,ground_truth
3,0.127991452991453,0.0416666666666666,af3_own,key_id,ground_truth
4,0.127991452991453,0.0416666666666666,af3_own,key_id,ground_truth
5,0.1429487179487179,0.0416666666666666,af3_own,key_id,ground_truth
6,0.1301282051282051,0.0416666666666666,af3_own,key_id,ground_truth
7,0.1429487179487179,0.0416666666666666,af3_own,key_id,ground_truth
8,0.1668803418803418,0.0416666666666666,af3_own,key_id,ground_truth
9,0.119017094017094,0.0416666666666666,af3_own,key_id,ground_truth
10,0.1106837606837606,0.0416666666666666,af3_own,key_id,ground_truth
11,0.0811965811965812,0.0416666666666666,af3_own,key_id,ground_truth
12,0.0811965811965812,0.0416666666666666,af3_own,key_id,ground_truth
13,0.0767094017094017,0.0416666666666666,af3_own,key_id,ground_truth
14,0.0683760683760683,0.0416666666666666,af3_own,key_id,ground_truth
15,0.0978632478632478,0.0416666666666666,af3_own,key_id,ground_truth
16,0.0895299145299145,0.0416666666666666,af3_own,key_id,ground_truth
17,0.0711538461538461,0.0416666666666666,af3_own,key_id,ground_truth
18,0.0555555555555555,0.0416666666666666,af3_own,key_id,ground_truth
19,0.0555555555555555,0.0416666666666666,af3_own,key_id,ground_truth
20,0.0388888888888888,0.0416666666666666,af3_own,key_id,ground_truth
21,0.0638888888888888,0.0416666666666666,af3_own,key_id,ground_truth
22,0.0555555555555555,0.0416666666666666,af3_own,key_id,ground_truth
23,0.0833333333333333,0.0416666666666666,af3_own,key_id,ground_truth
24,0.0489316239316239,0.0416666666666666,af3_own,key_id,ground_truth
25,0.0489316239316239,0.0416666666666666,af3_own,key_id,ground_truth
26,0.0322649572649572,0.0416666666666666,af3_own,key_id,ground_truth
27,0.0517094017094017,0.0416666666666666,af3_own,key_id,ground_truth
28,0.04508547008547,0.0416666666666666,af3_own,key_id,ground_truth
29,0.0277777777777777,0.0416666666666666,af3_own,key_id,ground_truth
30,0.0277777777777777,0.0416666666666666,af3_own,key_id,ground_truth
31,0.0322649572649572,0.0416666666666666,af3_own,key_id,ground_truth
32,0.0405982905982906,0.0416666666666666,af3_own,key_id,ground_truth
0,0.0684210526315789,0.0769230769230769,af3_own,mode_id,ground_truth
1,0.0379142300194931,0.0769230769230769,af3_own,mode_id,ground_truth
2,0.0485380116959064,0.0769230769230769,af3_own,mode_id,ground_truth
3,0.0490253411306042,0.0769230769230769,af3_own,mode_id,ground_truth
4,0.0869395711500974,0.0769230769230769,af3_own,mode_id,ground_truth
5,0.0698830409356725,0.0769230769230769,af3_own,mode_id,ground_truth
6,0.0587719298245614,0.0769230769230769,af3_own,mode_id,ground_truth
7,0.0471734892787524,0.0769230769230769,af3_own,mode_id,ground_truth
8,0.0559454191033138,0.0769230769230769,af3_own,mode_id,ground_truth
9,0.0554580896686159,0.0769230769230769,af3_own,mode_id,ground_truth
10,0.0448343079922027,0.0769230769230769,af3_own,mode_id,ground_truth
11,0.0291423001949317,0.0769230769230769,af3_own,mode_id,ground_truth
12,0.0180311890838206,0.0769230769230769,af3_own,mode_id,ground_truth
13,0.0355750487329434,0.0769230769230769,af3_own,mode_id,ground_truth
14,0.026803118908382,0.0769230769230769,af3_own,mode_id,ground_truth
15,0.026803118908382,0.0769230769230769,af3_own,mode_id,ground_truth
16,0.026803118908382,0.0769230769230769,af3_own,mode_id,ground_truth
17,0.026803118908382,0.0769230769230769,af3_own,mode_id,ground_truth
18,0.0582846003898635,0.0769230769230769,af3_own,mode_id,ground_truth
19,0.0490253411306042,0.0769230769230769,af3_own,mode_id,ground_truth
20,0.0291423001949317,0.0769230769230769,af3_own,mode_id,ground_truth
21,0.0675438596491228,0.0769230769230769,af3_own,mode_id,ground_truth
22,0.0314814814814814,0.0769230769230769,af3_own,mode_id,ground_truth
23,0.0587719298245614,0.0769230769230769,af3_own,mode_id,ground_truth
24,0.0466861598440545,0.0769230769230769,af3_own,mode_id,ground_truth
25,0.0652046783625731,0.0769230769230769,af3_own,mode_id,ground_truth
26,0.0739766081871344,0.0769230769230769,af3_own,mode_id,ground_truth
27,0.0734892787524366,0.0769230769230769,af3_own,mode_id,ground_truth
28,0.0554580896686159,0.0769230769230769,af3_own,mode_id,ground_truth
29,0.0466861598440545,0.0769230769230769,af3_own,mode_id,ground_truth
30,0.0758284600389863,0.0769230769230769,af3_own,mode_id,ground_truth
31,0.0471734892787524,0.0769230769230769,af3_own,mode_id,ground_truth
32,0.0739766081871344,0.0769230769230769,af3_own,mode_id,ground_truth
0,0.12,0.2,clap,beats_per_bar,ground_truth
1,0.0,0.2,clap,beats_per_bar,ground_truth
2,0.12,0.2,clap,beats_per_bar,ground_truth
3,0.16,0.2,clap,beats_per_bar,ground_truth
4,0.16,0.2,clap,beats_per_bar,ground_truth
0,0.6222222222222222,0.3333333333333333,clap,cents_discrimination,ground_truth
1,0.4222222222222222,0.3333333333333333,clap,cents_discrimination,ground_truth
2,0.3555555555555555,0.3333333333333333,clap,cents_discrimination,ground_truth
3,0.4222222222222222,0.3333333333333333,clap,cents_discrimination,ground_truth
4,0.2888888888888888,0.3333333333333333,clap,cents_discrimination,ground_truth
0,0.1773809523809524,0.125,clap,chord_quality,quality
1,0.1642857142857142,0.125,clap,chord_quality,quality
2,0.1444444444444444,0.125,clap,chord_quality,quality
3,0.1257936507936508,0.125,clap,chord_quality,quality
4,0.0876984126984127,0.125,clap,chord_quality,quality
0,0.5237373737373737,0.25,clap,instrument_id,program
1,0.3631313131313131,0.25,clap,instrument_id,program
2,0.5292929292929293,0.25,clap,instrument_id,program
3,0.5429292929292929,0.25,clap,instrument_id,program
4,0.6247474747474747,0.25,clap,instrument_id,program
0,0.0824801326117693,0.0833333333333333,clap,interval_id,ground_truth
1,0.0623019355467797,0.0833333333333333,clap,interval_id,ground_truth
2,0.0614944420067281,0.0833333333333333,clap,interval_id,ground_truth
3,0.0530873677538881,0.0833333333333333,clap,interval_id,ground_truth
4,0.0558602700989712,0.0833333333333333,clap,interval_id,ground_truth
0,0.0111111111111111,0.0416666666666666,clap,key_id,ground_truth
1,0.0166666666666666,0.0416666666666666,clap,key_id,ground_truth
2,0.0517094017094017,0.0416666666666666,clap,key_id,ground_truth
3,0.0,0.0416666666666666,clap,key_id,ground_truth
4,0.0222222222222222,0.0416666666666666,clap,key_id,ground_truth
0,0.1137426900584795,0.0769230769230769,clap,mode_id,ground_truth
1,0.0869395711500974,0.0769230769230769,clap,mode_id,ground_truth
2,0.1114035087719298,0.0769230769230769,clap,mode_id,ground_truth
3,0.087037037037037,0.0769230769230769,clap,mode_id,ground_truth
4,0.0407407407407407,0.0769230769230769,clap,mode_id,ground_truth
0,0.2711640211640211,0.2,clap,note_count,ground_truth
1,0.2738095238095238,0.2,clap,note_count,ground_truth
2,0.1917989417989417,0.2,clap,note_count,ground_truth
3,0.3108465608465608,0.2,clap,note_count,ground_truth
4,0.2949735449735449,0.2,clap,note_count,ground_truth
0,0.3489898989898989,0.3333333333333333,clap,octave_id,octave
1,0.6176767676767677,0.3333333333333333,clap,octave_id,octave
2,0.4308080808080808,0.3333333333333333,clap,octave_id,octave
3,0.347979797979798,0.3333333333333333,clap,octave_id,octave
4,0.2782828282828282,0.3333333333333333,clap,octave_id,octave
0,0.101010101010101,0.0833333333333333,clap,pitch_note_id,pitch_class
1,0.0954545454545454,0.0833333333333333,clap,pitch_note_id,pitch_class
2,0.0929292929292929,0.0833333333333333,clap,pitch_note_id,pitch_class
3,0.0818181818181818,0.0833333333333333,clap,pitch_note_id,pitch_class
4,0.0636363636363636,0.0833333333333333,clap,pitch_note_id,pitch_class
0,0.6333333333333333,0.5,clap,tuning_judgment,ground_truth
1,0.6,0.5,clap,tuning_judgment,ground_truth
2,0.7,0.5,clap,tuning_judgment,ground_truth
3,0.6666666666666666,0.5,clap,tuning_judgment,ground_truth
4,0.6333333333333333,0.5,clap,tuning_judgment,ground_truth
0,0.76,0.2,mert330,beats_per_bar,ground_truth
1,0.6,0.2,mert330,beats_per_bar,ground_truth
2,0.56,0.2,mert330,beats_per_bar,ground_truth
3,0.6,0.2,mert330,beats_per_bar,ground_truth
4,0.64,0.2,mert330,beats_per_bar,ground_truth
5,0.72,0.2,mert330,beats_per_bar,ground_truth
6,0.72,0.2,mert330,beats_per_bar,ground_truth
7,0.72,0.2,mert330,beats_per_bar,ground_truth
8,0.64,0.2,mert330,beats_per_bar,ground_truth
9,0.68,0.2,mert330,beats_per_bar,ground_truth
10,0.68,0.2,mert330,beats_per_bar,ground_truth
11,0.64,0.2,mert330,beats_per_bar,ground_truth
12,0.68,0.2,mert330,beats_per_bar,ground_truth
13,0.68,0.2,mert330,beats_per_bar,ground_truth
14,0.68,0.2,mert330,beats_per_bar,ground_truth
15,0.68,0.2,mert330,beats_per_bar,ground_truth
16,0.72,0.2,mert330,beats_per_bar,ground_truth
17,0.64,0.2,mert330,beats_per_bar,ground_truth
18,0.64,0.2,mert330,beats_per_bar,ground_truth
19,0.64,0.2,mert330,beats_per_bar,ground_truth
20,0.64,0.2,mert330,beats_per_bar,ground_truth
21,0.72,0.2,mert330,beats_per_bar,ground_truth
22,0.64,0.2,mert330,beats_per_bar,ground_truth
23,0.68,0.2,mert330,beats_per_bar,ground_truth
24,0.68,0.2,mert330,beats_per_bar,ground_truth
0,0.4666666666666667,0.3333333333333333,mert330,cents_discrimination,ground_truth
1,0.3777777777777777,0.3333333333333333,mert330,cents_discrimination,ground_truth
2,0.3777777777777777,0.3333333333333333,mert330,cents_discrimination,ground_truth
3,0.4888888888888889,0.3333333333333333,mert330,cents_discrimination,ground_truth
4,0.4666666666666667,0.3333333333333333,mert330,cents_discrimination,ground_truth
5,0.4666666666666667,0.3333333333333333,mert330,cents_discrimination,ground_truth
6,0.5111111111111111,0.3333333333333333,mert330,cents_discrimination,ground_truth
7,0.4666666666666667,0.3333333333333333,mert330,cents_discrimination,ground_truth
8,0.4,0.3333333333333333,mert330,cents_discrimination,ground_truth
9,0.4222222222222222,0.3333333333333333,mert330,cents_discrimination,ground_truth
10,0.5111111111111111,0.3333333333333333,mert330,cents_discrimination,ground_truth
11,0.4888888888888889,0.3333333333333333,mert330,cents_discrimination,ground_truth
12,0.4888888888888889,0.3333333333333333,mert330,cents_discrimination,ground_truth
13,0.4888888888888889,0.3333333333333333,mert330,cents_discrimination,ground_truth
14,0.4444444444444444,0.3333333333333333,mert330,cents_discrimination,ground_truth
15,0.4,0.3333333333333333,mert330,cents_discrimination,ground_truth
16,0.4,0.3333333333333333,mert330,cents_discrimination,ground_truth
17,0.4,0.3333333333333333,mert330,cents_discrimination,ground_truth
18,0.4222222222222222,0.3333333333333333,mert330,cents_discrimination,ground_truth
19,0.4,0.3333333333333333,mert330,cents_discrimination,ground_truth
20,0.3777777777777777,0.3333333333333333,mert330,cents_discrimination,ground_truth
21,0.4222222222222222,0.3333333333333333,mert330,cents_discrimination,ground_truth
22,0.3777777777777777,0.3333333333333333,mert330,cents_discrimination,ground_truth
23,0.3777777777777777,0.3333333333333333,mert330,cents_discrimination,ground_truth
24,0.4222222222222222,0.3333333333333333,mert330,cents_discrimination,ground_truth
0,0.15,0.125,mert330,chord_quality,quality
1,0.1785714285714285,0.125,mert330,chord_quality,quality
2,0.1638888888888889,0.125,mert330,chord_quality,quality
3,0.2376984126984127,0.125,mert330,chord_quality,quality
4,0.2376984126984127,0.125,mert330,chord_quality,quality
5,0.2126984126984127,0.125,mert330,chord_quality,quality
6,0.2047619047619047,0.125,mert330,chord_quality,quality
7,0.1884920634920635,0.125,mert330,chord_quality,quality
8,0.1638888888888889,0.125,mert330,chord_quality,quality
9,0.1999999999999999,0.125,mert330,chord_quality,quality
10,0.167063492063492,0.125,mert330,chord_quality,quality
11,0.1999999999999999,0.125,mert330,chord_quality,quality
12,0.192063492063492,0.125,mert330,chord_quality,quality
13,0.1591269841269841,0.125,mert330,chord_quality,quality
14,0.1341269841269841,0.125,mert330,chord_quality,quality
15,0.142063492063492,0.125,mert330,chord_quality,quality
16,0.1809523809523809,0.125,mert330,chord_quality,quality
17,0.1869047619047619,0.125,mert330,chord_quality,quality
18,0.1948412698412698,0.125,mert330,chord_quality,quality
19,0.1619047619047618,0.125,mert330,chord_quality,quality
20,0.1619047619047618,0.125,mert330,chord_quality,quality
21,0.1777777777777777,0.125,mert330,chord_quality,quality
22,0.1726190476190476,0.125,mert330,chord_quality,quality
23,0.2027777777777778,0.125,mert330,chord_quality,quality
24,0.1805555555555555,0.125,mert330,chord_quality,quality
0,0.7722222222222221,0.25,mert330,instrument_id,program
1,0.76010101010101,0.25,mert330,instrument_id,program
2,0.8015151515151516,0.25,mert330,instrument_id,program
3,0.7727272727272728,0.25,mert330,instrument_id,program
4,0.8212121212121213,0.25,mert330,instrument_id,program
5,0.8338383838383838,0.25,mert330,instrument_id,program
6,0.86010101010101,0.25,mert330,instrument_id,program
7,0.8919191919191919,0.25,mert330,instrument_id,program
8,0.8792929292929292,0.25,mert330,instrument_id,program
9,0.9111111111111112,0.25,mert330,instrument_id,program
10,0.895959595959596,0.25,mert330,instrument_id,program
11,0.9015151515151516,0.25,mert330,instrument_id,program
12,0.8626262626262626,0.25,mert330,instrument_id,program
13,0.8363636363636363,0.25,mert330,instrument_id,program
14,0.8530303030303029,0.25,mert330,instrument_id,program
15,0.8363636363636363,0.25,mert330,instrument_id,program
16,0.8919191919191919,0.25,mert330,instrument_id,program
17,0.7863636363636365,0.25,mert330,instrument_id,program
18,0.7767676767676767,0.25,mert330,instrument_id,program
19,0.7616161616161615,0.25,mert330,instrument_id,program
20,0.8085858585858586,0.25,mert330,instrument_id,program
21,0.8045454545454546,0.25,mert330,instrument_id,program
22,0.8055555555555555,0.25,mert330,instrument_id,program
23,0.8055555555555555,0.25,mert330,instrument_id,program
24,0.7434343434343433,0.25,mert330,instrument_id,program
0,0.0957138852323143,0.0833333333333333,mert330,interval_id,ground_truth
1,0.1239487348252157,0.0833333333333333,mert330,interval_id,ground_truth
2,0.1092523523962751,0.0833333333333333,mert330,interval_id,ground_truth
3,0.1317006728097118,0.0833333333333333,mert330,interval_id,ground_truth
4,0.1689977329237969,0.0833333333333333,mert330,interval_id,ground_truth
5,0.1486671785870995,0.0833333333333333,mert330,interval_id,ground_truth
6,0.1472045487787041,0.0833333333333333,mert330,interval_id,ground_truth
7,0.1696528691921408,0.0833333333333333,mert330,interval_id,ground_truth
8,0.161093437667593,0.0833333333333333,mert330,interval_id,ground_truth
9,0.1680378821120374,0.0833333333333333,mert330,interval_id,ground_truth
10,0.1401077470625518,0.0833333333333333,mert330,interval_id,ground_truth
11,0.1323558090780556,0.0833333333333333,mert330,interval_id,ground_truth
12,0.1275291307103505,0.0833333333333333,mert330,interval_id,ground_truth
13,0.1128327482814099,0.0833333333333333,mert330,interval_id,ground_truth
14,0.1346259324265028,0.0833333333333333,mert330,interval_id,ground_truth
15,0.1191220564575106,0.0833333333333333,mert330,interval_id,ground_truth
16,0.1246038710935595,0.0833333333333333,mert330,interval_id,ground_truth
17,0.1308931792696601,0.0833333333333333,mert330,interval_id,ground_truth
18,0.144782068158549,0.0833333333333333,mert330,interval_id,ground_truth
19,0.1384927599824484,0.0833333333333333,mert330,interval_id,ground_truth
20,0.1420731558675832,0.0833333333333333,mert330,interval_id,ground_truth
21,0.0971765150407098,0.0833333333333333,mert330,interval_id,ground_truth
22,0.1237963775535078,0.0833333333333333,mert330,interval_id,ground_truth
23,0.1105626249329628,0.0833333333333333,mert330,interval_id,ground_truth
24,0.1028106869484666,0.0833333333333333,mert330,interval_id,ground_truth
0,0.04508547008547,0.0416666666666666,mert330,key_id,ground_truth
1,0.2079059829059829,0.0416666666666666,mert330,key_id,ground_truth
2,0.19508547008547,0.0416666666666666,mert330,key_id,ground_truth
3,0.1467948717948718,0.0416666666666666,mert330,key_id,ground_truth
4,0.1245726495726495,0.0416666666666666,mert330,key_id,ground_truth
5,0.1273504273504273,0.0416666666666666,mert330,key_id,ground_truth
6,0.1318376068376068,0.0416666666666666,mert330,key_id,ground_truth
7,0.1401709401709401,0.0416666666666666,mert330,key_id,ground_truth
8,0.1401709401709401,0.0416666666666666,mert330,key_id,ground_truth
9,0.1273504273504273,0.0416666666666666,mert330,key_id,ground_truth
10,0.1485042735042735,0.0416666666666666,mert330,key_id,ground_truth
11,0.1485042735042735,0.0416666666666666,mert330,key_id,ground_truth
12,0.1467948717948718,0.0416666666666666,mert330,key_id,ground_truth
13,0.1606837606837606,0.0416666666666666,mert330,key_id,ground_truth
14,0.1991452991452991,0.0416666666666666,mert330,key_id,ground_truth
15,0.1752136752136752,0.0416666666666666,mert330,key_id,ground_truth
16,0.1818376068376068,0.0416666666666666,mert330,key_id,ground_truth
17,0.154059829059829,0.0416666666666666,mert330,key_id,ground_truth
18,0.1335470085470085,0.0416666666666666,mert330,key_id,ground_truth
19,0.1179487179487179,0.0416666666666666,mert330,key_id,ground_truth
20,0.1079059829059829,0.0416666666666666,mert330,key_id,ground_truth
21,0.0967948717948718,0.0416666666666666,mert330,key_id,ground_truth
22,0.0884615384615384,0.0416666666666666,mert330,key_id,ground_truth
23,0.0995726495726495,0.0416666666666666,mert330,key_id,ground_truth
24,0.0756410256410256,0.0416666666666666,mert330,key_id,ground_truth
0,0.0601364522417154,0.0769230769230769,mert330,mode_id,ground_truth
1,0.0379142300194931,0.0769230769230769,mert330,mode_id,ground_truth
2,0.0291423001949317,0.0769230769230769,mert330,mode_id,ground_truth
3,0.0291423001949317,0.0769230769230769,mert330,mode_id,ground_truth
4,0.0559454191033138,0.0769230769230769,mert330,mode_id,ground_truth
5,0.0379142300194931,0.0769230769230769,mert330,mode_id,ground_truth
6,0.0314814814814814,0.0769230769230769,mert330,mode_id,ground_truth
7,0.038401559454191,0.0769230769230769,mert330,mode_id,ground_truth
8,0.0374269005847953,0.0769230769230769,mert330,mode_id,ground_truth
9,0.0652046783625731,0.0769230769230769,mert330,mode_id,ground_truth
10,0.0559454191033138,0.0769230769230769,mert330,mode_id,ground_truth
11,0.0471734892787524,0.0769230769230769,mert330,mode_id,ground_truth
12,0.0577972709551657,0.0769230769230769,mert330,mode_id,ground_truth
13,0.0466861598440545,0.0769230769230769,mert330,mode_id,ground_truth
14,0.0471734892787524,0.0769230769230769,mert330,mode_id,ground_truth
15,0.0291423001949317,0.0769230769230769,mert330,mode_id,ground_truth
16,0.0360623781676413,0.0769230769230769,mert330,mode_id,ground_truth
17,0.0291423001949317,0.0769230769230769,mert330,mode_id,ground_truth
18,0.038401559454191,0.0769230769230769,mert330,mode_id,ground_truth
19,0.0291423001949317,0.0769230769230769,mert330,mode_id,ground_truth
20,0.0198830409356725,0.0769230769230769,mert330,mode_id,ground_truth
21,0.0222222222222222,0.0769230769230769,mert330,mode_id,ground_truth
22,0.0222222222222222,0.0769230769230769,mert330,mode_id,ground_truth
23,0.0309941520467836,0.0769230769230769,mert330,mode_id,ground_truth
24,0.0111111111111111,0.0769230769230769,mert330,mode_id,ground_truth
0,0.2843915343915343,0.2,mert330,note_count,ground_truth
1,0.3174603174603175,0.2,mert330,note_count,ground_truth
2,0.3756613756613756,0.2,mert330,note_count,ground_truth
3,0.3849206349206349,0.2,mert330,note_count,ground_truth
4,0.3902116402116402,0.2,mert330,note_count,ground_truth
5,0.3994708994708995,0.2,mert330,note_count,ground_truth
6,0.4087301587301586,0.2,mert330,note_count,ground_truth
7,0.3756613756613756,0.2,mert330,note_count,ground_truth
8,0.4034391534391534,0.2,mert330,note_count,ground_truth
9,0.4126984126984127,0.2,mert330,note_count,ground_truth
10,0.4034391534391534,0.2,mert330,note_count,ground_truth
11,0.3968253968253968,0.2,mert330,note_count,ground_truth
12,0.3875661375661376,0.2,mert330,note_count,ground_truth
13,0.3783068783068783,0.2,mert330,note_count,ground_truth
14,0.3994708994708995,0.2,mert330,note_count,ground_truth
15,0.3849206349206349,0.2,mert330,note_count,ground_truth
16,0.3637566137566138,0.2,mert330,note_count,ground_truth
17,0.3902116402116402,0.2,mert330,note_count,ground_truth
18,0.32010582010582,0.2,mert330,note_count,ground_truth
19,0.3505291005291005,0.2,mert330,note_count,ground_truth
20,0.3875661375661376,0.2,mert330,note_count,ground_truth
21,0.3875661375661376,0.2,mert330,note_count,ground_truth
22,0.3452380952380952,0.2,mert330,note_count,ground_truth
23,0.3571428571428571,0.2,mert330,note_count,ground_truth
24,0.3571428571428571,0.2,mert330,note_count,ground_truth
0,0.7904040404040403,0.3333333333333333,mert330,octave_id,octave
1,0.790909090909091,0.3333333333333333,mert330,octave_id,octave
2,0.9404040404040404,0.3333333333333333,mert330,octave_id,octave
3,0.977777777777778,0.3333333333333333,mert330,octave_id,octave
4,0.9555555555555556,0.3333333333333333,mert330,octave_id,octave
5,0.887878787878788,0.3333333333333333,mert330,octave_id,octave
6,0.9388888888888888,0.3333333333333333,mert330,octave_id,octave
7,0.845959595959596,0.3333333333333333,mert330,octave_id,octave
8,0.9111111111111112,0.3333333333333333,mert330,octave_id,octave
9,0.9111111111111112,0.3333333333333333,mert330,octave_id,octave
10,0.8555555555555555,0.3333333333333333,mert330,octave_id,octave
11,0.9,0.3333333333333333,mert330,octave_id,octave
12,0.9444444444444444,0.3333333333333333,mert330,octave_id,octave
13,0.9292929292929294,0.3333333333333333,mert330,octave_id,octave
14,0.9404040404040404,0.3333333333333333,mert330,octave_id,octave
15,0.9141414141414144,0.3333333333333333,mert330,octave_id,octave
16,0.9141414141414144,0.3333333333333333,mert330,octave_id,octave
17,0.9181818181818184,0.3333333333333333,mert330,octave_id,octave
18,0.9252525252525252,0.3333333333333333,mert330,octave_id,octave
19,0.8934343434343434,0.3333333333333333,mert330,octave_id,octave
20,0.8989898989898991,0.3333333333333333,mert330,octave_id,octave
21,0.8823232323232323,0.3333333333333333,mert330,octave_id,octave
22,0.9045454545454544,0.3333333333333333,mert330,octave_id,octave
23,0.8823232323232323,0.3333333333333333,mert330,octave_id,octave
24,0.9196969696969696,0.3333333333333333,mert330,octave_id,octave
0,0.1287878787878787,0.0833333333333333,mert330,pitch_note_id,pitch_class
1,0.7368686868686868,0.0833333333333333,mert330,pitch_note_id,pitch_class
2,0.6121212121212122,0.0833333333333333,mert330,pitch_note_id,pitch_class
3,0.5262626262626263,0.0833333333333333,mert330,pitch_note_id,pitch_class
4,0.4737373737373737,0.0833333333333333,mert330,pitch_note_id,pitch_class
5,0.4737373737373737,0.0833333333333333,mert330,pitch_note_id,pitch_class
6,0.4904040404040404,0.0833333333333333,mert330,pitch_note_id,pitch_class
7,0.4848484848484848,0.0833333333333333,mert330,pitch_note_id,pitch_class
8,0.4904040404040404,0.0833333333333333,mert330,pitch_note_id,pitch_class
9,0.4681818181818182,0.0833333333333333,mert330,pitch_note_id,pitch_class
10,0.4681818181818182,0.0833333333333333,mert330,pitch_note_id,pitch_class
11,0.4611111111111111,0.0833333333333333,mert330,pitch_note_id,pitch_class
12,0.5222222222222223,0.0833333333333333,mert330,pitch_note_id,pitch_class
13,0.4848484848484848,0.0833333333333333,mert330,pitch_note_id,pitch_class
14,0.4737373737373737,0.0833333333333333,mert330,pitch_note_id,pitch_class
15,0.5388888888888889,0.0833333333333333,mert330,pitch_note_id,pitch_class
16,0.5318181818181817,0.0833333333333333,mert330,pitch_note_id,pitch_class
17,0.4792929292929292,0.0833333333333333,mert330,pitch_note_id,pitch_class
18,0.5055555555555555,0.0833333333333333,mert330,pitch_note_id,pitch_class
19,0.4555555555555555,0.0833333333333333,mert330,pitch_note_id,pitch_class
20,0.4292929292929293,0.0833333333333333,mert330,pitch_note_id,pitch_class
21,0.4252525252525252,0.0833333333333333,mert330,pitch_note_id,pitch_class
22,0.4212121212121212,0.0833333333333333,mert330,pitch_note_id,pitch_class
23,0.3838383838383838,0.0833333333333333,mert330,pitch_note_id,pitch_class
24,0.4252525252525252,0.0833333333333333,mert330,pitch_note_id,pitch_class
0,0.7333333333333333,0.5,mert330,tuning_judgment,ground_truth
1,0.7666666666666667,0.5,mert330,tuning_judgment,ground_truth
2,0.9,0.5,mert330,tuning_judgment,ground_truth
3,0.8666666666666667,0.5,mert330,tuning_judgment,ground_truth
4,0.9,0.5,mert330,tuning_judgment,ground_truth
5,0.9,0.5,mert330,tuning_judgment,ground_truth
6,0.9,0.5,mert330,tuning_judgment,ground_truth
7,0.8666666666666667,0.5,mert330,tuning_judgment,ground_truth
8,0.8666666666666667,0.5,mert330,tuning_judgment,ground_truth
9,0.8666666666666667,0.5,mert330,tuning_judgment,ground_truth
10,0.8666666666666667,0.5,mert330,tuning_judgment,ground_truth
11,0.8666666666666667,0.5,mert330,tuning_judgment,ground_truth
12,0.8666666666666667,0.5,mert330,tuning_judgment,ground_truth
13,0.8666666666666667,0.5,mert330,tuning_judgment,ground_truth
14,0.8666666666666667,0.5,mert330,tuning_judgment,ground_truth
15,0.8666666666666667,0.5,mert330,tuning_judgment,ground_truth
16,0.8333333333333334,0.5,mert330,tuning_judgment,ground_truth
17,0.8333333333333334,0.5,mert330,tuning_judgment,ground_truth
18,0.8,0.5,mert330,tuning_judgment,ground_truth
19,0.7666666666666667,0.5,mert330,tuning_judgment,ground_truth
20,0.8333333333333334,0.5,mert330,tuning_judgment,ground_truth
21,0.8333333333333334,0.5,mert330,tuning_judgment,ground_truth
22,0.8333333333333334,0.5,mert330,tuning_judgment,ground_truth
23,0.7666666666666667,0.5,mert330,tuning_judgment,ground_truth
24,0.8,0.5,mert330,tuning_judgment,ground_truth
0,0.2134920634920634,0.125,musicflamingo_own,chord_quality,quality
1,0.2353174603174603,0.125,musicflamingo_own,chord_quality,quality
2,0.1773809523809524,0.125,musicflamingo_own,chord_quality,quality
3,0.2186507936507936,0.125,musicflamingo_own,chord_quality,quality
4,0.1992063492063492,0.125,musicflamingo_own,chord_quality,quality
5,0.2496031746031746,0.125,musicflamingo_own,chord_quality,quality
6,0.2103174603174603,0.125,musicflamingo_own,chord_quality,quality
7,0.2273809523809523,0.125,musicflamingo_own,chord_quality,quality
8,0.2023809523809523,0.125,musicflamingo_own,chord_quality,quality
9,0.2293650793650793,0.125,musicflamingo_own,chord_quality,quality
10,0.2293650793650793,0.125,musicflamingo_own,chord_quality,quality
11,0.1904761904761904,0.125,musicflamingo_own,chord_quality,quality
12,0.2043650793650794,0.125,musicflamingo_own,chord_quality,quality
13,0.1996031746031746,0.125,musicflamingo_own,chord_quality,quality
14,0.1884920634920635,0.125,musicflamingo_own,chord_quality,quality
15,0.1825396825396825,0.125,musicflamingo_own,chord_quality,quality
16,0.1555555555555555,0.125,musicflamingo_own,chord_quality,quality
17,0.1777777777777777,0.125,musicflamingo_own,chord_quality,quality
18,0.2107142857142857,0.125,musicflamingo_own,chord_quality,quality
19,0.1968253968253968,0.125,musicflamingo_own,chord_quality,quality
20,0.1999999999999999,0.125,musicflamingo_own,chord_quality,quality
21,0.2107142857142857,0.125,musicflamingo_own,chord_quality,quality
22,0.1825396825396825,0.125,musicflamingo_own,chord_quality,quality
23,0.1773809523809524,0.125,musicflamingo_own,chord_quality,quality
24,0.1777777777777777,0.125,musicflamingo_own,chord_quality,quality
25,0.1888888888888888,0.125,musicflamingo_own,chord_quality,quality
26,0.1869047619047619,0.125,musicflamingo_own,chord_quality,quality
27,0.1837301587301587,0.125,musicflamingo_own,chord_quality,quality
28,0.1646825396825396,0.125,musicflamingo_own,chord_quality,quality
29,0.1646825396825396,0.125,musicflamingo_own,chord_quality,quality
30,0.1865079365079365,0.125,musicflamingo_own,chord_quality,quality
31,0.1869047619047619,0.125,musicflamingo_own,chord_quality,quality
32,0.1456349206349206,0.125,musicflamingo_own,chord_quality,quality
0,0.1126803910097021,0.0833333333333333,musicflamingo_own,interval_id,ground_truth
1,0.1189696991858027,0.0833333333333333,musicflamingo_own,interval_id,ground_truth
2,0.153189142411389,0.0833333333333333,musicflamingo_own,interval_id,ground_truth
3,0.1343212178830871,0.0833333333333333,musicflamingo_own,interval_id,ground_truth
4,0.1202799717224903,0.0833333333333333,musicflamingo_own,interval_id,ground_truth
5,0.1567695382965238,0.0833333333333333,musicflamingo_own,interval_id,ground_truth
6,0.1645214762810199,0.0833333333333333,musicflamingo_own,interval_id,ground_truth
7,0.1700032909170689,0.0833333333333333,musicflamingo_own,interval_id,ground_truth
8,0.151135366388767,0.0833333333333333,musicflamingo_own,interval_id,ground_truth
9,0.1643691190093121,0.0833333333333333,musicflamingo_own,interval_id,ground_truth
10,0.1721210569938082,0.0833333333333333,musicflamingo_own,interval_id,ground_truth
11,0.1658317488177075,0.0833333333333333,musicflamingo_own,interval_id,ground_truth
12,0.1659841060894154,0.0833333333333333,musicflamingo_own,interval_id,ground_truth
13,0.1792178587099605,0.0833333333333333,musicflamingo_own,interval_id,ground_truth
14,0.1729285505338599,0.0833333333333333,musicflamingo_own,interval_id,ground_truth
15,0.1714659207254643,0.0833333333333333,musicflamingo_own,interval_id,ground_truth
16,0.1714659207254643,0.0833333333333333,musicflamingo_own,interval_id,ground_truth
17,0.1483624640436839,0.0833333333333333,musicflamingo_own,interval_id,ground_truth
18,0.134473575154795,0.0833333333333333,musicflamingo_own,interval_id,ground_truth
19,0.1422255131392911,0.0833333333333333,musicflamingo_own,interval_id,ground_truth
20,0.1567695382965238,0.0833333333333333,musicflamingo_own,interval_id,ground_truth
21,0.142728292135927,0.0833333333333333,musicflamingo_own,interval_id,ground_truth
22,0.153189142411389,0.0833333333333333,musicflamingo_own,interval_id,ground_truth
23,0.1384927599824484,0.0833333333333333,musicflamingo_own,interval_id,ground_truth
24,0.1539966359514406,0.0833333333333333,musicflamingo_own,interval_id,ground_truth
25,0.1407628833308956,0.0833333333333333,musicflamingo_own,interval_id,ground_truth
26,0.1678855248403295,0.0833333333333333,musicflamingo_own,interval_id,ground_truth
27,0.148210106771976,0.0833333333333333,musicflamingo_own,interval_id,ground_truth
28,0.1551545512164204,0.0833333333333333,musicflamingo_own,interval_id,ground_truth
29,0.148210106771976,0.0833333333333333,musicflamingo_own,interval_id,ground_truth
30,0.1196248354541465,0.0833333333333333,musicflamingo_own,interval_id,ground_truth
31,0.1328585880746916,0.0833333333333333,musicflamingo_own,interval_id,ground_truth
32,0.091542343132953,0.0833333333333333,musicflamingo_own,interval_id,ground_truth
0,0.1741452991452991,0.0416666666666666,musicflamingo_own,key_id,ground_truth
1,0.1641025641025641,0.0416666666666666,musicflamingo_own,key_id,ground_truth
2,0.1096153846153846,0.0416666666666666,musicflamingo_own,key_id,ground_truth
3,0.1262820512820512,0.0416666666666666,musicflamingo_own,key_id,ground_truth
4,0.1641025641025641,0.0416666666666666,musicflamingo_own,key_id,ground_truth
5,0.1089743589743589,0.0416666666666666,musicflamingo_own,key_id,ground_truth
6,0.1245726495726495,0.0416666666666666,musicflamingo_own,key_id,ground_truth
7,0.1346153846153846,0.0416666666666666,musicflamingo_own,key_id,ground_truth
8,0.1713675213675214,0.0416666666666666,musicflamingo_own,key_id,ground_truth
9,0.1908119658119658,0.0416666666666666,musicflamingo_own,key_id,ground_truth
10,0.1651709401709401,0.0416666666666666,musicflamingo_own,key_id,ground_truth
11,0.1051282051282051,0.0416666666666666,musicflamingo_own,key_id,ground_truth
12,0.0923076923076923,0.0416666666666666,musicflamingo_own,key_id,ground_truth
13,0.1217948717948718,0.0416666666666666,musicflamingo_own,key_id,ground_truth
14,0.0878205128205128,0.0416666666666666,musicflamingo_own,key_id,ground_truth
15,0.1262820512820512,0.0416666666666666,musicflamingo_own,key_id,ground_truth
16,0.1262820512820512,0.0416666666666666,musicflamingo_own,key_id,ground_truth
17,0.1051282051282051,0.0416666666666666,musicflamingo_own,key_id,ground_truth
18,0.1023504273504273,0.0416666666666666,musicflamingo_own,key_id,ground_truth
19,0.1023504273504273,0.0416666666666666,musicflamingo_own,key_id,ground_truth
20,0.094017094017094,0.0416666666666666,musicflamingo_own,key_id,ground_truth
21,0.1023504273504273,0.0416666666666666,musicflamingo_own,key_id,ground_truth
22,0.0811965811965812,0.0416666666666666,musicflamingo_own,key_id,ground_truth
23,0.094017094017094,0.0416666666666666,musicflamingo_own,key_id,ground_truth
24,0.127991452991453,0.0416666666666666,musicflamingo_own,key_id,ground_truth
25,0.1391025641025641,0.0416666666666666,musicflamingo_own,key_id,ground_truth
26,0.1491452991452991,0.0416666666666666,musicflamingo_own,key_id,ground_truth
27,0.119017094017094,0.0416666666666666,musicflamingo_own,key_id,ground_truth
28,0.1023504273504273,0.0416666666666666,musicflamingo_own,key_id,ground_truth
29,0.0728632478632478,0.0416666666666666,musicflamingo_own,key_id,ground_truth
30,0.0728632478632478,0.0416666666666666,musicflamingo_own,key_id,ground_truth
31,0.0811965811965812,0.0416666666666666,musicflamingo_own,key_id,ground_truth
32,0.1034188034188034,0.0416666666666666,musicflamingo_own,key_id,ground_truth
0,0.0684210526315789,0.0769230769230769,musicflamingo_own,mode_id,ground_truth
1,0.0490253411306042,0.0769230769230769,musicflamingo_own,mode_id,ground_truth
2,0.0379142300194931,0.0769230769230769,musicflamingo_own,mode_id,ground_truth
3,0.0508771929824561,0.0769230769230769,musicflamingo_own,mode_id,ground_truth
4,0.0619883040935672,0.0769230769230769,musicflamingo_own,mode_id,ground_truth
5,0.0485380116959064,0.0769230769230769,musicflamingo_own,mode_id,ground_truth
6,0.0485380116959064,0.0769230769230769,musicflamingo_own,mode_id,ground_truth
7,0.0554580896686159,0.0769230769230769,musicflamingo_own,mode_id,ground_truth
8,0.0263157894736842,0.0769230769230769,musicflamingo_own,mode_id,ground_truth
9,0.0374269005847953,0.0769230769230769,musicflamingo_own,mode_id,ground_truth
10,0.0374269005847953,0.0769230769230769,musicflamingo_own,mode_id,ground_truth
11,0.0466861598440545,0.0769230769230769,musicflamingo_own,mode_id,ground_truth
12,0.0577972709551657,0.0769230769230769,musicflamingo_own,mode_id,ground_truth
13,0.0471734892787524,0.0769230769230769,musicflamingo_own,mode_id,ground_truth
14,0.0471734892787524,0.0769230769230769,musicflamingo_own,mode_id,ground_truth
15,0.0559454191033138,0.0769230769230769,musicflamingo_own,mode_id,ground_truth
16,0.0466861598440545,0.0769230769230769,musicflamingo_own,mode_id,ground_truth
17,0.0379142300194931,0.0769230769230769,musicflamingo_own,mode_id,ground_truth
18,0.0670565302144249,0.0769230769230769,musicflamingo_own,mode_id,ground_truth
19,0.0577972709551657,0.0769230769230769,musicflamingo_own,mode_id,ground_truth
20,0.0670565302144249,0.0769230769230769,musicflamingo_own,mode_id,ground_truth
21,0.0577972709551657,0.0769230769230769,musicflamingo_own,mode_id,ground_truth
22,0.0559454191033138,0.0769230769230769,musicflamingo_own,mode_id,ground_truth
23,0.0466861598440545,0.0769230769230769,musicflamingo_own,mode_id,ground_truth
24,0.0466861598440545,0.0769230769230769,musicflamingo_own,mode_id,ground_truth
25,0.0573099415204678,0.0769230769230769,musicflamingo_own,mode_id,ground_truth
26,0.0832358674463937,0.0769230769230769,musicflamingo_own,mode_id,ground_truth
27,0.0920077972709551,0.0769230769230769,musicflamingo_own,mode_id,ground_truth
28,0.0920077972709551,0.0769230769230769,musicflamingo_own,mode_id,ground_truth
29,0.0763157894736842,0.0769230769230769,musicflamingo_own,mode_id,ground_truth
30,0.0471734892787524,0.0769230769230769,musicflamingo_own,mode_id,ground_truth
31,0.038401559454191,0.0769230769230769,musicflamingo_own,mode_id,ground_truth
32,0.0874269005847953,0.0769230769230769,musicflamingo_own,mode_id,ground_truth
0,0.1857142857142857,0.125,qwen25omni_own,chord_quality,quality
1,0.1884920634920635,0.125,qwen25omni_own,chord_quality,quality
2,0.2714285714285714,0.125,qwen25omni_own,chord_quality,quality
3,0.2543650793650793,0.125,qwen25omni_own,chord_quality,quality
4,0.2432539682539682,0.125,qwen25omni_own,chord_quality,quality
5,0.3091269841269841,0.125,qwen25omni_own,chord_quality,quality
6,0.2412698412698412,0.125,qwen25omni_own,chord_quality,quality
7,0.2634920634920635,0.125,qwen25omni_own,chord_quality,quality
8,0.2492063492063492,0.125,qwen25omni_own,chord_quality,quality
9,0.2662698412698412,0.125,qwen25omni_own,chord_quality,quality
10,0.2523809523809524,0.125,qwen25omni_own,chord_quality,quality
11,0.2492063492063492,0.125,qwen25omni_own,chord_quality,quality
12,0.2571428571428571,0.125,qwen25omni_own,chord_quality,quality
13,0.2702380952380952,0.125,qwen25omni_own,chord_quality,quality
14,0.2873015873015873,0.125,qwen25omni_own,chord_quality,quality
15,0.2515873015873016,0.125,qwen25omni_own,chord_quality,quality
16,0.2277777777777777,0.125,qwen25omni_own,chord_quality,quality
17,0.2404761904761904,0.125,qwen25omni_own,chord_quality,quality
18,0.2325396825396825,0.125,qwen25omni_own,chord_quality,quality
19,0.2138888888888889,0.125,qwen25omni_own,chord_quality,quality
20,0.2079365079365079,0.125,qwen25omni_own,chord_quality,quality
21,0.2107142857142857,0.125,qwen25omni_own,chord_quality,quality
22,0.1706349206349206,0.125,qwen25omni_own,chord_quality,quality
23,0.2095238095238095,0.125,qwen25omni_own,chord_quality,quality
24,0.1853174603174603,0.125,qwen25omni_own,chord_quality,quality
25,0.1932539682539682,0.125,qwen25omni_own,chord_quality,quality
26,0.2095238095238095,0.125,qwen25omni_own,chord_quality,quality
27,0.1845238095238095,0.125,qwen25omni_own,chord_quality,quality
28,0.2043650793650794,0.125,qwen25omni_own,chord_quality,quality
29,0.2043650793650794,0.125,qwen25omni_own,chord_quality,quality
30,0.2162698412698412,0.125,qwen25omni_own,chord_quality,quality
31,0.2404761904761904,0.125,qwen25omni_own,chord_quality,quality
32,0.2265873015873016,0.125,qwen25omni_own,chord_quality,quality
0,0.1422255131392911,0.0833333333333333,qwen25omni_own,interval_id,ground_truth
1,0.1525340061430452,0.0833333333333333,qwen25omni_own,interval_id,ground_truth
2,0.15611440202818,0.0833333333333333,qwen25omni_own,interval_id,ground_truth
3,0.142728292135927,0.0833333333333333,qwen25omni_own,interval_id,ground_truth
4,0.1544994149480766,0.0833333333333333,qwen25omni_own,interval_id,ground_truth
5,0.1412656623275315,0.0833333333333333,qwen25omni_own,interval_id,ground_truth
6,0.1435357856759787,0.0833333333333333,qwen25omni_own,interval_id,ground_truth
7,0.1387091073082736,0.0833333333333333,qwen25omni_own,interval_id,ground_truth
8,0.1225500950709375,0.0833333333333333,qwen25omni_own,interval_id,ground_truth
9,0.1134878845497537,0.0833333333333333,qwen25omni_own,interval_id,ground_truth
10,0.1142953780898054,0.0833333333333333,qwen25omni_own,interval_id,ground_truth
11,0.1141430208180976,0.0833333333333333,qwen25omni_own,interval_id,ground_truth
12,0.1050808102969138,0.0833333333333333,qwen25omni_own,interval_id,ground_truth
13,0.1268739944420067,0.0833333333333333,qwen25omni_own,interval_id,ground_truth
14,0.1268739944420067,0.0833333333333333,qwen25omni_own,interval_id,ground_truth
15,0.1317006728097118,0.0833333333333333,qwen25omni_own,interval_id,ground_truth
16,0.1246038710935595,0.0833333333333333,qwen25omni_own,interval_id,ground_truth
17,0.1294305494612646,0.0833333333333333,qwen25omni_own,interval_id,ground_truth
18,0.126066500901955,0.0833333333333333,qwen25omni_own,interval_id,ground_truth
19,0.1449344254302569,0.0833333333333333,qwen25omni_own,interval_id,ground_truth
20,0.126066500901955,0.0833333333333333,qwen25omni_own,interval_id,ground_truth
21,0.1028106869484666,0.0833333333333333,qwen25omni_own,interval_id,ground_truth
22,0.1176594266491151,0.0833333333333333,qwen25omni_own,interval_id,ground_truth
23,0.1191220564575106,0.0833333333333333,qwen25omni_own,interval_id,ground_truth
24,0.1183145629174589,0.0833333333333333,qwen25omni_own,interval_id,ground_truth
25,0.1252590073619033,0.0833333333333333,qwen25omni_own,interval_id,ground_truth
26,0.0973288723124177,0.0833333333333333,qwen25omni_own,interval_id,ground_truth
27,0.1197771927258544,0.0833333333333333,qwen25omni_own,interval_id,ground_truth
28,0.1126803910097021,0.0833333333333333,qwen25omni_own,interval_id,ground_truth
29,0.1071985763736531,0.0833333333333333,qwen25omni_own,interval_id,ground_truth
30,0.1273767734386427,0.0833333333333333,qwen25omni_own,interval_id,ground_truth
31,0.1307408219979523,0.0833333333333333,qwen25omni_own,interval_id,ground_truth
32,0.1300856857296085,0.0833333333333333,qwen25omni_own,interval_id,ground_truth
0,0.1318376068376068,0.0416666666666666,qwen25omni_own,key_id,ground_truth
1,0.188034188034188,0.0416666666666666,qwen25omni_own,key_id,ground_truth
2,0.177991452991453,0.0416666666666666,qwen25omni_own,key_id,ground_truth
3,0.1696581196581196,0.0416666666666666,qwen25omni_own,key_id,ground_truth
4,0.1797008547008547,0.0416666666666666,qwen25omni_own,key_id,ground_truth
5,0.1797008547008547,0.0416666666666666,qwen25omni_own,key_id,ground_truth
6,0.1457264957264957,0.0416666666666666,qwen25omni_own,key_id,ground_truth
7,0.1457264957264957,0.0416666666666666,qwen25omni_own,key_id,ground_truth
8,0.1391025641025641,0.0416666666666666,qwen25omni_own,key_id,ground_truth
9,0.1585470085470085,0.0416666666666666,qwen25omni_own,key_id,ground_truth
10,0.1696581196581196,0.0416666666666666,qwen25omni_own,key_id,ground_truth
11,0.1373931623931623,0.0416666666666666,qwen25omni_own,key_id,ground_truth
12,0.1217948717948718,0.0416666666666666,qwen25omni_own,key_id,ground_truth
13,0.1346153846153846,0.0416666666666666,qwen25omni_own,key_id,ground_truth
14,0.1151709401709401,0.0416666666666666,qwen25omni_own,key_id,ground_truth
15,0.1134615384615384,0.0416666666666666,qwen25omni_own,key_id,ground_truth
16,0.1051282051282051,0.0416666666666666,qwen25omni_own,key_id,ground_truth
17,0.1006410256410256,0.0416666666666666,qwen25omni_own,key_id,ground_truth
18,0.0794871794871795,0.0416666666666666,qwen25omni_own,key_id,ground_truth
19,0.0878205128205128,0.0416666666666666,qwen25omni_own,key_id,ground_truth
20,0.0583333333333333,0.0416666666666666,qwen25omni_own,key_id,ground_truth
21,0.0683760683760683,0.0416666666666666,qwen25omni_own,key_id,ground_truth
22,0.0711538461538461,0.0416666666666666,qwen25omni_own,key_id,ground_truth
23,0.060042735042735,0.0416666666666666,qwen25omni_own,key_id,ground_truth
24,0.0985042735042735,0.0416666666666666,qwen25omni_own,key_id,ground_truth
25,0.0728632478632478,0.0416666666666666,qwen25omni_own,key_id,ground_truth
26,0.060042735042735,0.0416666666666666,qwen25omni_own,key_id,ground_truth
27,0.0895299145299145,0.0416666666666666,qwen25omni_own,key_id,ground_truth
28,0.0555555555555555,0.0416666666666666,qwen25omni_own,key_id,ground_truth
29,0.0617521367521367,0.0416666666666666,qwen25omni_own,key_id,ground_truth
30,0.0638888888888888,0.0416666666666666,qwen25omni_own,key_id,ground_truth
31,0.0555555555555555,0.0416666666666666,qwen25omni_own,key_id,ground_truth
32,0.0444444444444444,0.0416666666666666,qwen25omni_own,key_id,ground_truth
0,0.0379142300194931,0.0769230769230769,qwen25omni_own,mode_id,ground_truth
1,0.0642300194931773,0.0769230769230769,qwen25omni_own,mode_id,ground_truth
2,0.0573099415204678,0.0769230769230769,qwen25omni_own,mode_id,ground_truth
3,0.0554580896686159,0.0769230769230769,qwen25omni_own,mode_id,ground_truth
4,0.0379142300194931,0.0769230769230769,qwen25omni_own,mode_id,ground_truth
5,0.0689083820662768,0.0769230769230769,qwen25omni_own,mode_id,ground_truth
6,0.0379142300194931,0.0769230769230769,qwen25omni_own,mode_id,ground_truth
7,0.0466861598440545,0.0769230769230769,qwen25omni_own,mode_id,ground_truth
8,0.0466861598440545,0.0769230769230769,qwen25omni_own,mode_id,ground_truth
9,0.0647173489278752,0.0769230769230769,qwen25omni_own,mode_id,ground_truth
10,0.0559454191033138,0.0769230769230769,qwen25omni_own,mode_id,ground_truth
11,0.0466861598440545,0.0769230769230769,qwen25omni_own,mode_id,ground_truth
12,0.0490253411306042,0.0769230769230769,qwen25omni_own,mode_id,ground_truth
13,0.0601364522417154,0.0769230769230769,qwen25omni_own,mode_id,ground_truth
14,0.0805068226120857,0.0769230769230769,qwen25omni_own,mode_id,ground_truth
15,0.078167641325536,0.0769230769230769,qwen25omni_own,mode_id,ground_truth
16,0.078167641325536,0.0769230769230769,qwen25omni_own,mode_id,ground_truth
17,0.0874269005847953,0.0769230769230769,qwen25omni_own,mode_id,ground_truth
18,0.0786549707602339,0.0769230769230769,qwen25omni_own,mode_id,ground_truth
19,0.1073099415204678,0.0769230769230769,qwen25omni_own,mode_id,ground_truth
20,0.0985380116959064,0.0769230769230769,qwen25omni_own,mode_id,ground_truth
21,0.0800194931773879,0.0769230769230769,qwen25omni_own,mode_id,ground_truth
22,0.0892787524366471,0.0769230769230769,qwen25omni_own,mode_id,ground_truth
23,0.0619883040935672,0.0769230769230769,qwen25omni_own,mode_id,ground_truth
24,0.091130604288499,0.0769230769230769,qwen25omni_own,mode_id,ground_truth
25,0.0975633528265107,0.0769230769230769,qwen25omni_own,mode_id,ground_truth
26,0.0975633528265107,0.0769230769230769,qwen25omni_own,mode_id,ground_truth
27,0.0985380116959064,0.0769230769230769,qwen25omni_own,mode_id,ground_truth
28,0.0990253411306042,0.0769230769230769,qwen25omni_own,mode_id,ground_truth
29,0.0874269005847953,0.0769230769230769,qwen25omni_own,mode_id,ground_truth
30,0.0869395711500974,0.0769230769230769,qwen25omni_own,mode_id,ground_truth
31,0.1160818713450292,0.0769230769230769,qwen25omni_own,mode_id,ground_truth
32,0.1184210526315789,0.0769230769230769,qwen25omni_own,mode_id,ground_truth
0,0.1376984126984126,0.125,qwen3omni_own,chord_quality,quality
1,0.1396825396825396,0.125,qwen3omni_own,chord_quality,quality
2,0.1456349206349206,0.125,qwen3omni_own,chord_quality,quality
3,0.1507936507936507,0.125,qwen3omni_own,chord_quality,quality
4,0.1996031746031746,0.125,qwen3omni_own,chord_quality,quality
5,0.1777777777777777,0.125,qwen3omni_own,chord_quality,quality
6,0.1607142857142857,0.125,qwen3omni_own,chord_quality,quality
7,0.2158730158730158,0.125,qwen3omni_own,chord_quality,quality
8,0.2313492063492063,0.125,qwen3omni_own,chord_quality,quality
9,0.2075396825396825,0.125,qwen3omni_own,chord_quality,quality
10,0.1884920634920635,0.125,qwen3omni_own,chord_quality,quality
11,0.2103174603174603,0.125,qwen3omni_own,chord_quality,quality
12,0.2075396825396825,0.125,qwen3omni_own,chord_quality,quality
13,0.2214285714285714,0.125,qwen3omni_own,chord_quality,quality
14,0.2075396825396825,0.125,qwen3omni_own,chord_quality,quality
15,0.2103174603174603,0.125,qwen3omni_own,chord_quality,quality
16,0.2150793650793651,0.125,qwen3omni_own,chord_quality,quality
17,0.203968253968254,0.125,qwen3omni_own,chord_quality,quality
18,0.203968253968254,0.125,qwen3omni_own,chord_quality,quality
19,0.203968253968254,0.125,qwen3omni_own,chord_quality,quality
20,0.1571428571428571,0.125,qwen3omni_own,chord_quality,quality
21,0.165079365079365,0.125,qwen3omni_own,chord_quality,quality
22,0.171031746031746,0.125,qwen3omni_own,chord_quality,quality
23,0.2047619047619047,0.125,qwen3omni_own,chord_quality,quality
24,0.176984126984127,0.125,qwen3omni_own,chord_quality,quality
25,0.1908730158730158,0.125,qwen3omni_own,chord_quality,quality
26,0.2047619047619047,0.125,qwen3omni_own,chord_quality,quality
27,0.2047619047619047,0.125,qwen3omni_own,chord_quality,quality
28,0.2047619047619047,0.125,qwen3omni_own,chord_quality,quality
29,0.2345238095238095,0.125,qwen3omni_own,chord_quality,quality
30,0.2047619047619047,0.125,qwen3omni_own,chord_quality,quality
31,0.1829365079365079,0.125,qwen3omni_own,chord_quality,quality
32,0.1472222222222222,0.125,qwen3omni_own,chord_quality,quality
0,0.1475549705036322,0.0833333333333333,qwen3omni_own,interval_id,ground_truth
1,0.1399553897908439,0.0833333333333333,qwen3omni_own,interval_id,ground_truth
2,0.1399553897908439,0.0833333333333333,qwen3omni_own,interval_id,ground_truth
3,0.134473575154795,0.0833333333333333,qwen3omni_own,interval_id,ground_truth
4,0.1252590073619033,0.0833333333333333,qwen3omni_own,interval_id,ground_truth
5,0.1267216371702988,0.0833333333333333,qwen3omni_own,interval_id,ground_truth
6,0.1538442786797328,0.0833333333333333,qwen3omni_own,interval_id,ground_truth
7,0.1328585880746916,0.0833333333333333,qwen3omni_own,interval_id,ground_truth
8,0.1538442786797328,0.0833333333333333,qwen3omni_own,interval_id,ground_truth
9,0.1762925990931695,0.0833333333333333,qwen3omni_own,interval_id,ground_truth
10,0.1553069084881283,0.0833333333333333,qwen3omni_own,interval_id,ground_truth
11,0.1685406611086733,0.0833333333333333,qwen3omni_own,interval_id,ground_truth
12,0.1680378821120374,0.0833333333333333,qwen3omni_own,interval_id,ground_truth
13,0.1714019306713471,0.0833333333333333,qwen3omni_own,interval_id,ground_truth
14,0.1323558090780556,0.0833333333333333,qwen3omni_own,interval_id,ground_truth
15,0.1548041294914923,0.0833333333333333,qwen3omni_own,interval_id,ground_truth
16,0.1596308078591975,0.0833333333333333,qwen3omni_own,interval_id,ground_truth
17,0.1399553897908439,0.0833333333333333,qwen3omni_own,interval_id,ground_truth
18,0.1455895616986007,0.0833333333333333,qwen3omni_own,interval_id,ground_truth
19,0.1393002535225001,0.0833333333333333,qwen3omni_own,interval_id,ground_truth
20,0.14770732777534,0.0833333333333333,qwen3omni_own,interval_id,ground_truth
21,0.1602859441275413,0.0833333333333333,qwen3omni_own,interval_id,ground_truth
22,0.1407628833308956,0.0833333333333333,qwen3omni_own,interval_id,ground_truth
23,0.1470521915069962,0.0833333333333333,qwen3omni_own,interval_id,ground_truth
24,0.1134878845497537,0.0833333333333333,qwen3omni_own,interval_id,ground_truth
25,0.1197771927258544,0.0833333333333333,qwen3omni_own,interval_id,ground_truth
26,0.1183145629174589,0.0833333333333333,qwen3omni_own,interval_id,ground_truth
27,0.1183145629174589,0.0833333333333333,qwen3omni_own,interval_id,ground_truth
28,0.1267216371702988,0.0833333333333333,qwen3omni_own,interval_id,ground_truth
29,0.126066500901955,0.0833333333333333,qwen3omni_own,interval_id,ground_truth
30,0.1050808102969138,0.0833333333333333,qwen3omni_own,interval_id,ground_truth
31,0.126066500901955,0.0833333333333333,qwen3omni_own,interval_id,ground_truth
32,0.1393002535225001,0.0833333333333333,qwen3omni_own,interval_id,ground_truth
0,0.2324786324786324,0.0416666666666666,qwen3omni_own,key_id,ground_truth
1,0.2213675213675213,0.0416666666666666,qwen3omni_own,key_id,ground_truth
2,0.2196581196581196,0.0416666666666666,qwen3omni_own,key_id,ground_truth
3,0.2085470085470085,0.0416666666666666,qwen3omni_own,key_id,ground_truth
4,0.1735042735042734,0.0416666666666666,qwen3omni_own,key_id,ground_truth
5,0.204059829059829,0.0416666666666666,qwen3omni_own,key_id,ground_truth
6,0.1651709401709401,0.0416666666666666,qwen3omni_own,key_id,ground_truth
7,0.1457264957264957,0.0416666666666666,qwen3omni_own,key_id,ground_truth
8,0.1245726495726495,0.0416666666666666,qwen3omni_own,key_id,ground_truth
9,0.0839743589743589,0.0416666666666666,qwen3omni_own,key_id,ground_truth
10,0.0711538461538461,0.0416666666666666,qwen3omni_own,key_id,ground_truth
11,0.1418803418803419,0.0416666666666666,qwen3omni_own,key_id,ground_truth
12,0.09508547008547,0.0416666666666666,qwen3omni_own,key_id,ground_truth
13,0.1034188034188034,0.0416666666666666,qwen3omni_own,key_id,ground_truth
14,0.1162393162393162,0.0416666666666666,qwen3omni_own,key_id,ground_truth
15,0.1079059829059829,0.0416666666666666,qwen3omni_own,key_id,ground_truth
16,0.1162393162393162,0.0416666666666666,qwen3omni_own,key_id,ground_truth
17,0.1051282051282051,0.0416666666666666,qwen3omni_own,key_id,ground_truth
18,0.0923076923076923,0.0416666666666666,qwen3omni_own,key_id,ground_truth
19,0.1418803418803419,0.0416666666666666,qwen3omni_own,key_id,ground_truth
20,0.1179487179487179,0.0416666666666666,qwen3omni_own,key_id,ground_truth
21,0.1051282051282051,0.0416666666666666,qwen3omni_own,key_id,ground_truth
22,0.1134615384615384,0.0416666666666666,qwen3omni_own,key_id,ground_truth
23,0.1502136752136752,0.0416666666666666,qwen3omni_own,key_id,ground_truth
24,0.1418803418803419,0.0416666666666666,qwen3omni_own,key_id,ground_truth
25,0.1179487179487179,0.0416666666666666,qwen3omni_own,key_id,ground_truth
26,0.1418803418803419,0.0416666666666666,qwen3omni_own,key_id,ground_truth
27,0.1675213675213675,0.0416666666666666,qwen3omni_own,key_id,ground_truth
28,0.1418803418803419,0.0416666666666666,qwen3omni_own,key_id,ground_truth
29,0.1418803418803419,0.0416666666666666,qwen3omni_own,key_id,ground_truth
30,0.1418803418803419,0.0416666666666666,qwen3omni_own,key_id,ground_truth
31,0.1335470085470085,0.0416666666666666,qwen3omni_own,key_id,ground_truth
32,0.152991452991453,0.0416666666666666,qwen3omni_own,key_id,ground_truth
0,0.0111111111111111,0.0769230769230769,qwen3omni_own,mode_id,ground_truth
1,0.0286549707602339,0.0769230769230769,qwen3omni_own,mode_id,ground_truth
2,0.0286549707602339,0.0769230769230769,qwen3omni_own,mode_id,ground_truth
3,0.0374269005847953,0.0769230769230769,qwen3omni_own,mode_id,ground_truth
4,0.0374269005847953,0.0769230769230769,qwen3omni_own,mode_id,ground_truth
5,0.0286549707602339,0.0769230769230769,qwen3omni_own,mode_id,ground_truth
6,0.0263157894736842,0.0769230769230769,qwen3omni_own,mode_id,ground_truth
7,0.0263157894736842,0.0769230769230769,qwen3omni_own,mode_id,ground_truth
8,0.0175438596491228,0.0769230769230769,qwen3omni_own,mode_id,ground_truth
9,0.026803118908382,0.0769230769230769,qwen3omni_own,mode_id,ground_truth
10,0.0443469785575048,0.0769230769230769,qwen3omni_own,mode_id,ground_truth
11,0.0355750487329434,0.0769230769230769,qwen3omni_own,mode_id,ground_truth
12,0.0443469785575048,0.0769230769230769,qwen3omni_own,mode_id,ground_truth
13,0.0355750487329434,0.0769230769230769,qwen3omni_own,mode_id,ground_truth
14,0.0443469785575048,0.0769230769230769,qwen3omni_own,mode_id,ground_truth
15,0.0263157894736842,0.0769230769230769,qwen3omni_own,mode_id,ground_truth
16,0.0263157894736842,0.0769230769230769,qwen3omni_own,mode_id,ground_truth
17,0.0263157894736842,0.0769230769230769,qwen3omni_own,mode_id,ground_truth
18,0.0175438596491228,0.0769230769230769,qwen3omni_own,mode_id,ground_truth
19,0.0175438596491228,0.0769230769230769,qwen3omni_own,mode_id,ground_truth
20,0.0263157894736842,0.0769230769230769,qwen3omni_own,mode_id,ground_truth
21,0.0263157894736842,0.0769230769230769,qwen3omni_own,mode_id,ground_truth
22,0.0263157894736842,0.0769230769230769,qwen3omni_own,mode_id,ground_truth
23,0.0175438596491228,0.0769230769230769,qwen3omni_own,mode_id,ground_truth
24,0.0175438596491228,0.0769230769230769,qwen3omni_own,mode_id,ground_truth
25,0.0350877192982456,0.0769230769230769,qwen3omni_own,mode_id,ground_truth
26,0.0350877192982456,0.0769230769230769,qwen3omni_own,mode_id,ground_truth
27,0.0350877192982456,0.0769230769230769,qwen3omni_own,mode_id,ground_truth
28,0.0175438596491228,0.0769230769230769,qwen3omni_own,mode_id,ground_truth
29,0.0263157894736842,0.0769230769230769,qwen3omni_own,mode_id,ground_truth
30,0.0175438596491228,0.0769230769230769,qwen3omni_own,mode_id,ground_truth
31,0.0175438596491228,0.0769230769230769,qwen3omni_own,mode_id,ground_truth
32,0.0198830409356725,0.0769230769230769,qwen3omni_own,mode_id,ground_truth
0,0.96,0.2,whisper,beats_per_bar,ground_truth
1,0.68,0.2,whisper,beats_per_bar,ground_truth
2,0.76,0.2,whisper,beats_per_bar,ground_truth
3,0.72,0.2,whisper,beats_per_bar,ground_truth
4,0.72,0.2,whisper,beats_per_bar,ground_truth
5,0.72,0.2,whisper,beats_per_bar,ground_truth
6,0.72,0.2,whisper,beats_per_bar,ground_truth
7,0.72,0.2,whisper,beats_per_bar,ground_truth
8,0.72,0.2,whisper,beats_per_bar,ground_truth
9,0.76,0.2,whisper,beats_per_bar,ground_truth
10,0.76,0.2,whisper,beats_per_bar,ground_truth
11,0.76,0.2,whisper,beats_per_bar,ground_truth
12,0.72,0.2,whisper,beats_per_bar,ground_truth
13,0.72,0.2,whisper,beats_per_bar,ground_truth
14,0.68,0.2,whisper,beats_per_bar,ground_truth
15,0.72,0.2,whisper,beats_per_bar,ground_truth
16,0.72,0.2,whisper,beats_per_bar,ground_truth
17,0.72,0.2,whisper,beats_per_bar,ground_truth
18,0.68,0.2,whisper,beats_per_bar,ground_truth
19,0.72,0.2,whisper,beats_per_bar,ground_truth
20,0.68,0.2,whisper,beats_per_bar,ground_truth
21,0.8,0.2,whisper,beats_per_bar,ground_truth
22,0.64,0.2,whisper,beats_per_bar,ground_truth
23,0.64,0.2,whisper,beats_per_bar,ground_truth
24,0.64,0.2,whisper,beats_per_bar,ground_truth
25,0.68,0.2,whisper,beats_per_bar,ground_truth
26,0.64,0.2,whisper,beats_per_bar,ground_truth
27,0.72,0.2,whisper,beats_per_bar,ground_truth
28,0.72,0.2,whisper,beats_per_bar,ground_truth
29,0.76,0.2,whisper,beats_per_bar,ground_truth
30,0.72,0.2,whisper,beats_per_bar,ground_truth
31,0.76,0.2,whisper,beats_per_bar,ground_truth
32,0.8,0.2,whisper,beats_per_bar,ground_truth
0,0.3111111111111111,0.3333333333333333,whisper,cents_discrimination,ground_truth
1,0.3777777777777777,0.3333333333333333,whisper,cents_discrimination,ground_truth
2,0.4222222222222222,0.3333333333333333,whisper,cents_discrimination,ground_truth
3,0.4444444444444444,0.3333333333333333,whisper,cents_discrimination,ground_truth
4,0.3555555555555555,0.3333333333333333,whisper,cents_discrimination,ground_truth
5,0.4444444444444444,0.3333333333333333,whisper,cents_discrimination,ground_truth
6,0.4222222222222222,0.3333333333333333,whisper,cents_discrimination,ground_truth
7,0.4,0.3333333333333333,whisper,cents_discrimination,ground_truth
8,0.4888888888888889,0.3333333333333333,whisper,cents_discrimination,ground_truth
9,0.4444444444444444,0.3333333333333333,whisper,cents_discrimination,ground_truth
10,0.4444444444444444,0.3333333333333333,whisper,cents_discrimination,ground_truth
11,0.4666666666666667,0.3333333333333333,whisper,cents_discrimination,ground_truth
12,0.5111111111111111,0.3333333333333333,whisper,cents_discrimination,ground_truth
13,0.4444444444444444,0.3333333333333333,whisper,cents_discrimination,ground_truth
14,0.4888888888888889,0.3333333333333333,whisper,cents_discrimination,ground_truth
15,0.5555555555555556,0.3333333333333333,whisper,cents_discrimination,ground_truth
16,0.5333333333333333,0.3333333333333333,whisper,cents_discrimination,ground_truth
17,0.4222222222222222,0.3333333333333333,whisper,cents_discrimination,ground_truth
18,0.4666666666666667,0.3333333333333333,whisper,cents_discrimination,ground_truth
19,0.4666666666666667,0.3333333333333333,whisper,cents_discrimination,ground_truth
20,0.4888888888888889,0.3333333333333333,whisper,cents_discrimination,ground_truth
21,0.4888888888888889,0.3333333333333333,whisper,cents_discrimination,ground_truth
22,0.4888888888888889,0.3333333333333333,whisper,cents_discrimination,ground_truth
23,0.5111111111111111,0.3333333333333333,whisper,cents_discrimination,ground_truth
24,0.4222222222222222,0.3333333333333333,whisper,cents_discrimination,ground_truth
25,0.4222222222222222,0.3333333333333333,whisper,cents_discrimination,ground_truth
26,0.5555555555555556,0.3333333333333333,whisper,cents_discrimination,ground_truth
27,0.4888888888888889,0.3333333333333333,whisper,cents_discrimination,ground_truth
28,0.4666666666666667,0.3333333333333333,whisper,cents_discrimination,ground_truth
29,0.5111111111111111,0.3333333333333333,whisper,cents_discrimination,ground_truth
30,0.4666666666666667,0.3333333333333333,whisper,cents_discrimination,ground_truth
31,0.5555555555555556,0.3333333333333333,whisper,cents_discrimination,ground_truth
32,0.5333333333333333,0.3333333333333333,whisper,cents_discrimination,ground_truth
0,0.1853174603174603,0.125,whisper,chord_quality,quality
1,0.2301587301587301,0.125,whisper,chord_quality,quality
2,0.2619047619047618,0.125,whisper,chord_quality,quality
3,0.2103174603174603,0.125,whisper,chord_quality,quality
4,0.2162698412698412,0.125,whisper,chord_quality,quality
5,0.2682539682539682,0.125,whisper,chord_quality,quality
6,0.2825396825396825,0.125,whisper,chord_quality,quality
7,0.2515873015873016,0.125,whisper,chord_quality,quality
8,0.2353174603174603,0.125,whisper,chord_quality,quality
9,0.2734126984126984,0.125,whisper,chord_quality,quality
10,0.2404761904761904,0.125,whisper,chord_quality,quality
11,0.2246031746031746,0.125,whisper,chord_quality,quality
12,0.2436507936507936,0.125,whisper,chord_quality,quality
13,0.2357142857142856,0.125,whisper,chord_quality,quality
14,0.2436507936507936,0.125,whisper,chord_quality,quality
15,0.2246031746031746,0.125,whisper,chord_quality,quality
16,0.1884920634920635,0.125,whisper,chord_quality,quality
17,0.1996031746031746,0.125,whisper,chord_quality,quality
18,0.2103174603174603,0.125,whisper,chord_quality,quality
19,0.2103174603174603,0.125,whisper,chord_quality,quality
20,0.2305555555555555,0.125,whisper,chord_quality,quality
21,0.2214285714285714,0.125,whisper,chord_quality,quality
22,0.2583333333333333,0.125,whisper,chord_quality,quality
23,0.2543650793650793,0.125,whisper,chord_quality,quality
24,0.2384920634920635,0.125,whisper,chord_quality,quality
25,0.2273809523809523,0.125,whisper,chord_quality,quality
26,0.2583333333333333,0.125,whisper,chord_quality,quality
27,0.2492063492063492,0.125,whisper,chord_quality,quality
28,0.2273809523809523,0.125,whisper,chord_quality,quality
29,0.2202380952380952,0.125,whisper,chord_quality,quality
30,0.2293650793650793,0.125,whisper,chord_quality,quality
31,0.2273809523809523,0.125,whisper,chord_quality,quality
32,0.1861111111111111,0.125,whisper,chord_quality,quality
0,0.7171717171717171,0.25,whisper,instrument_id,program
1,0.7616161616161615,0.25,whisper,instrument_id,program
2,0.8626262626262626,0.25,whisper,instrument_id,program
3,0.8792929292929293,0.25,whisper,instrument_id,program
4,0.895959595959596,0.25,whisper,instrument_id,program
5,0.9111111111111112,0.25,whisper,instrument_id,program
6,0.9388888888888888,0.25,whisper,instrument_id,program
7,0.9222222222222222,0.25,whisper,instrument_id,program
8,0.9166666666666666,0.25,whisper,instrument_id,program
9,0.8944444444444445,0.25,whisper,instrument_id,program
10,0.8833333333333334,0.25,whisper,instrument_id,program
11,0.9111111111111112,0.25,whisper,instrument_id,program
12,0.9055555555555556,0.25,whisper,instrument_id,program
13,0.8888888888888888,0.25,whisper,instrument_id,program
14,0.8944444444444445,0.25,whisper,instrument_id,program
15,0.9111111111111112,0.25,whisper,instrument_id,program
16,0.9333333333333332,0.25,whisper,instrument_id,program
17,0.8888888888888888,0.25,whisper,instrument_id,program
18,0.9222222222222222,0.25,whisper,instrument_id,program
19,0.9,0.25,whisper,instrument_id,program
20,0.8777777777777778,0.25,whisper,instrument_id,program
21,0.8777777777777778,0.25,whisper,instrument_id,program
22,0.8722222222222222,0.25,whisper,instrument_id,program
23,0.8737373737373737,0.25,whisper,instrument_id,program
24,0.8888888888888888,0.25,whisper,instrument_id,program
25,0.9,0.25,whisper,instrument_id,program
26,0.8944444444444444,0.25,whisper,instrument_id,program
27,0.8792929292929292,0.25,whisper,instrument_id,program
28,0.8919191919191919,0.25,whisper,instrument_id,program
29,0.9222222222222222,0.25,whisper,instrument_id,program
30,0.9111111111111112,0.25,whisper,instrument_id,program
31,0.9111111111111112,0.25,whisper,instrument_id,program
32,0.9444444444444444,0.25,whisper,instrument_id,program
0,0.1110654039295987,0.0833333333333333,whisper,interval_id,ground_truth
1,0.1662705377602262,0.0833333333333333,whisper,interval_id,ground_truth
2,0.1460923406952367,0.0833333333333333,whisper,interval_id,ground_truth
3,0.1431670810784457,0.0833333333333333,whisper,interval_id,ground_truth
4,0.1120252547413583,0.0833333333333333,whisper,interval_id,ground_truth
5,0.091039564136317,0.0833333333333333,whisper,interval_id,ground_truth
6,0.1229888840134562,0.0833333333333333,whisper,interval_id,ground_truth
7,0.145284847155185,0.0833333333333333,whisper,interval_id,ground_truth
8,0.1320510945346399,0.0833333333333333,whisper,interval_id,ground_truth
9,0.1125280337379942,0.0833333333333333,whisper,interval_id,ground_truth
10,0.1033134659451026,0.0833333333333333,whisper,interval_id,ground_truth
11,0.1165472185656476,0.0833333333333333,whisper,interval_id,ground_truth
12,0.1089476378528594,0.0833333333333333,whisper,interval_id,ground_truth
13,0.0879619472478182,0.0833333333333333,whisper,interval_id,ground_truth
14,0.0949063916922626,0.0833333333333333,whisper,interval_id,ground_truth
15,0.0962166642289503,0.0833333333333333,whisper,interval_id,ground_truth
16,0.1180098483740432,0.0833333333333333,whisper,interval_id,ground_truth
17,0.1313959582662961,0.0833333333333333,whisper,interval_id,ground_truth
18,0.1383404027107405,0.0833333333333333,whisper,interval_id,ground_truth
19,0.1439745746184974,0.0833333333333333,whisper,interval_id,ground_truth
20,0.1384927599824484,0.0833333333333333,whisper,interval_id,ground_truth
21,0.1194724781824386,0.0833333333333333,whisper,interval_id,ground_truth
22,0.126569279898591,0.0833333333333333,whisper,interval_id,ground_truth
23,0.1128327482814099,0.0833333333333333,whisper,interval_id,ground_truth
24,0.1470521915069962,0.0833333333333333,whisper,interval_id,ground_truth
25,0.1548041294914923,0.0833333333333333,whisper,interval_id,ground_truth
26,0.1204323289941982,0.0833333333333333,whisper,interval_id,ground_truth
27,0.1204323289941982,0.0833333333333333,whisper,interval_id,ground_truth
28,0.1063910828336014,0.0833333333333333,whisper,interval_id,ground_truth
29,0.1259141436302472,0.0833333333333333,whisper,interval_id,ground_truth
30,0.14770732777534,0.0833333333333333,whisper,interval_id,ground_truth
31,0.1554592657598361,0.0833333333333333,whisper,interval_id,ground_truth
32,0.1384927599824484,0.0833333333333333,whisper,interval_id,ground_truth
0,0.1207264957264957,0.0416666666666666,whisper,key_id,ground_truth
1,0.0811965811965812,0.0416666666666666,whisper,key_id,ground_truth
2,0.0517094017094017,0.0416666666666666,whisper,key_id,ground_truth
3,0.0561965811965811,0.0416666666666666,whisper,key_id,ground_truth
4,0.0433760683760683,0.0416666666666666,whisper,key_id,ground_truth
5,0.0388888888888888,0.0416666666666666,whisper,key_id,ground_truth
6,0.0517094017094017,0.0416666666666666,whisper,key_id,ground_truth
7,0.0517094017094017,0.0416666666666666,whisper,key_id,ground_truth
8,0.0388888888888888,0.0416666666666666,whisper,key_id,ground_truth
9,0.0305555555555555,0.0416666666666666,whisper,key_id,ground_truth
10,0.0194444444444444,0.0416666666666666,whisper,key_id,ground_truth
11,0.0194444444444444,0.0416666666666666,whisper,key_id,ground_truth
12,0.0194444444444444,0.0416666666666666,whisper,key_id,ground_truth
13,0.0194444444444444,0.0416666666666666,whisper,key_id,ground_truth
14,0.0194444444444444,0.0416666666666666,whisper,key_id,ground_truth
15,0.0194444444444444,0.0416666666666666,whisper,key_id,ground_truth
16,0.0194444444444444,0.0416666666666666,whisper,key_id,ground_truth
17,0.0194444444444444,0.0416666666666666,whisper,key_id,ground_truth
18,0.0194444444444444,0.0416666666666666,whisper,key_id,ground_truth
19,0.0111111111111111,0.0416666666666666,whisper,key_id,ground_truth
20,0.0111111111111111,0.0416666666666666,whisper,key_id,ground_truth
21,0.0277777777777777,0.0416666666666666,whisper,key_id,ground_truth
22,0.0194444444444444,0.0416666666666666,whisper,key_id,ground_truth
23,0.0277777777777777,0.0416666666666666,whisper,key_id,ground_truth
24,0.0277777777777777,0.0416666666666666,whisper,key_id,ground_truth
25,0.0277777777777777,0.0416666666666666,whisper,key_id,ground_truth
26,0.0194444444444444,0.0416666666666666,whisper,key_id,ground_truth
27,0.0111111111111111,0.0416666666666666,whisper,key_id,ground_truth
28,0.0111111111111111,0.0416666666666666,whisper,key_id,ground_truth
29,0.0111111111111111,0.0416666666666666,whisper,key_id,ground_truth
30,0.0111111111111111,0.0416666666666666,whisper,key_id,ground_truth
31,0.0111111111111111,0.0416666666666666,whisper,key_id,ground_truth
32,0.0111111111111111,0.0416666666666666,whisper,key_id,ground_truth
0,0.0596491228070175,0.0769230769230769,whisper,mode_id,ground_truth
1,0.0374269005847953,0.0769230769230769,whisper,mode_id,ground_truth
2,0.0263157894736842,0.0769230769230769,whisper,mode_id,ground_truth
3,0.0374269005847953,0.0769230769230769,whisper,mode_id,ground_truth
4,0.0286549707602339,0.0769230769230769,whisper,mode_id,ground_truth
5,0.0272904483430799,0.0769230769230769,whisper,mode_id,ground_truth
6,0.0185185185185185,0.0769230769230769,whisper,mode_id,ground_truth
7,0.0365497076023391,0.0769230769230769,whisper,mode_id,ground_truth
8,0.026803118908382,0.0769230769230769,whisper,mode_id,ground_truth
9,0.0272904483430799,0.0769230769230769,whisper,mode_id,ground_truth
10,0.0180311890838206,0.0769230769230769,whisper,mode_id,ground_truth
11,0.0087719298245614,0.0769230769230769,whisper,mode_id,ground_truth
12,0.0355750487329434,0.0769230769230769,whisper,mode_id,ground_truth
13,0.0350877192982456,0.0769230769230769,whisper,mode_id,ground_truth
14,0.0175438596491228,0.0769230769230769,whisper,mode_id,ground_truth
15,0.0443469785575048,0.0769230769230769,whisper,mode_id,ground_truth
16,0.0263157894736842,0.0769230769230769,whisper,mode_id,ground_truth
17,0.0443469785575048,0.0769230769230769,whisper,mode_id,ground_truth
18,0.0642300194931773,0.0769230769230769,whisper,mode_id,ground_truth
19,0.0753411306042885,0.0769230769230769,whisper,mode_id,ground_truth
20,0.0350877192982456,0.0769230769230769,whisper,mode_id,ground_truth
21,0.0379142300194931,0.0769230769230769,whisper,mode_id,ground_truth
22,0.0637426900584795,0.0769230769230769,whisper,mode_id,ground_truth
23,0.0665692007797271,0.0769230769230769,whisper,mode_id,ground_truth
24,0.0577972709551657,0.0769230769230769,whisper,mode_id,ground_truth
25,0.0573099415204678,0.0769230769230769,whisper,mode_id,ground_truth
26,0.0374269005847953,0.0769230769230769,whisper,mode_id,ground_truth
27,0.0379142300194931,0.0769230769230769,whisper,mode_id,ground_truth
28,0.039766081871345,0.0769230769230769,whisper,mode_id,ground_truth
29,0.0466861598440545,0.0769230769230769,whisper,mode_id,ground_truth
30,0.0466861598440545,0.0769230769230769,whisper,mode_id,ground_truth
31,0.0485380116959064,0.0769230769230769,whisper,mode_id,ground_truth
32,0.0999025341130604,0.0769230769230769,whisper,mode_id,ground_truth
0,0.3346560846560846,0.2,whisper,note_count,ground_truth
1,0.4523809523809524,0.2,whisper,note_count,ground_truth
2,0.455026455026455,0.2,whisper,note_count,ground_truth
3,0.4616402116402116,0.2,whisper,note_count,ground_truth
4,0.4761904761904762,0.2,whisper,note_count,ground_truth
5,0.5105820105820106,0.2,whisper,note_count,ground_truth
6,0.4682539682539682,0.2,whisper,note_count,ground_truth
7,0.4775132275132275,0.2,whisper,note_count,ground_truth
8,0.4973544973544974,0.2,whisper,note_count,ground_truth
9,0.4828042328042328,0.2,whisper,note_count,ground_truth
10,0.5224867724867724,0.2,whisper,note_count,ground_truth
11,0.5079365079365079,0.2,whisper,note_count,ground_truth
12,0.496031746031746,0.2,whisper,note_count,ground_truth
13,0.4775132275132275,0.2,whisper,note_count,ground_truth
14,0.496031746031746,0.2,whisper,note_count,ground_truth
15,0.48015873015873,0.2,whisper,note_count,ground_truth
16,0.4775132275132275,0.2,whisper,note_count,ground_truth
17,0.4272486772486772,0.2,whisper,note_count,ground_truth
18,0.4246031746031746,0.2,whisper,note_count,ground_truth
19,0.4576719576719577,0.2,whisper,note_count,ground_truth
20,0.4642857142857142,0.2,whisper,note_count,ground_truth
21,0.4973544973544974,0.2,whisper,note_count,ground_truth
22,0.4272486772486772,0.2,whisper,note_count,ground_truth
23,0.4907407407407407,0.2,whisper,note_count,ground_truth
24,0.4920634920634921,0.2,whisper,note_count,ground_truth
25,0.4867724867724867,0.2,whisper,note_count,ground_truth
26,0.4629629629629629,0.2,whisper,note_count,ground_truth
27,0.4351851851851852,0.2,whisper,note_count,ground_truth
28,0.4497354497354497,0.2,whisper,note_count,ground_truth
29,0.4444444444444444,0.2,whisper,note_count,ground_truth
30,0.4378306878306878,0.2,whisper,note_count,ground_truth
31,0.4735449735449735,0.2,whisper,note_count,ground_truth
32,0.4523809523809524,0.2,whisper,note_count,ground_truth
0,0.9626262626262626,0.3333333333333333,whisper,octave_id,octave
1,0.9888888888888888,0.3333333333333333,whisper,octave_id,octave
2,0.9888888888888888,0.3333333333333333,whisper,octave_id,octave
3,0.941919191919192,0.3333333333333333,whisper,octave_id,octave
4,0.9570707070707072,0.3333333333333333,whisper,octave_id,octave
5,0.9570707070707072,0.3333333333333333,whisper,octave_id,octave
6,0.9888888888888888,0.3333333333333333,whisper,octave_id,octave
7,0.9737373737373738,0.3333333333333333,whisper,octave_id,octave
8,0.9888888888888888,0.3333333333333333,whisper,octave_id,octave
9,0.977777777777778,0.3333333333333333,whisper,octave_id,octave
10,0.9626262626262626,0.3333333333333333,whisper,octave_id,octave
11,0.945959595959596,0.3333333333333333,whisper,octave_id,octave
12,0.945959595959596,0.3333333333333333,whisper,octave_id,octave
13,0.9611111111111112,0.3333333333333333,whisper,octave_id,octave
14,0.9570707070707072,0.3333333333333333,whisper,octave_id,octave
15,0.9722222222222222,0.3333333333333333,whisper,octave_id,octave
16,0.9570707070707072,0.3333333333333333,whisper,octave_id,octave
17,0.9570707070707072,0.3333333333333333,whisper,octave_id,octave
18,0.941919191919192,0.3333333333333333,whisper,octave_id,octave
19,0.9308080808080806,0.3333333333333333,whisper,octave_id,octave
20,0.9348484848484848,0.3333333333333333,whisper,octave_id,octave
21,0.918181818181818,0.3333333333333333,whisper,octave_id,octave
22,0.907070707070707,0.3333333333333333,whisper,octave_id,octave
23,0.9015151515151516,0.3333333333333333,whisper,octave_id,octave
24,0.9101010101010102,0.3333333333333333,whisper,octave_id,octave
25,0.945959595959596,0.3333333333333333,whisper,octave_id,octave
26,0.8878787878787878,0.3333333333333333,whisper,octave_id,octave
27,0.8808080808080808,0.3333333333333333,whisper,octave_id,octave
28,0.8474747474747475,0.3333333333333333,whisper,octave_id,octave
29,0.8363636363636363,0.3333333333333333,whisper,octave_id,octave
30,0.8101010101010101,0.3333333333333333,whisper,octave_id,octave
31,0.7823232323232324,0.3333333333333333,whisper,octave_id,octave
32,0.7393939393939393,0.3333333333333333,whisper,octave_id,octave
0,0.4459595959595959,0.0833333333333333,whisper,pitch_note_id,pitch_class
1,0.3409090909090909,0.0833333333333333,whisper,pitch_note_id,pitch_class
2,0.302020202020202,0.0833333333333333,whisper,pitch_note_id,pitch_class
3,0.2838383838383838,0.0833333333333333,whisper,pitch_note_id,pitch_class
4,0.2313131313131312,0.0833333333333333,whisper,pitch_note_id,pitch_class
5,0.2202020202020201,0.0833333333333333,whisper,pitch_note_id,pitch_class
6,0.2146464646464646,0.0833333333333333,whisper,pitch_note_id,pitch_class
7,0.2313131313131312,0.0833333333333333,whisper,pitch_note_id,pitch_class
8,0.2257575757575757,0.0833333333333333,whisper,pitch_note_id,pitch_class
9,0.2313131313131312,0.0833333333333333,whisper,pitch_note_id,pitch_class
10,0.2368686868686868,0.0833333333333333,whisper,pitch_note_id,pitch_class
11,0.2383838383838383,0.0833333333333333,whisper,pitch_note_id,pitch_class
12,0.1994949494949494,0.0833333333333333,whisper,pitch_note_id,pitch_class
13,0.151010101010101,0.0833333333333333,whisper,pitch_note_id,pitch_class
14,0.1661616161616161,0.0833333333333333,whisper,pitch_note_id,pitch_class
15,0.158080808080808,0.0833333333333333,whisper,pitch_note_id,pitch_class
16,0.1772727272727272,0.0833333333333333,whisper,pitch_note_id,pitch_class
17,0.151010101010101,0.0833333333333333,whisper,pitch_note_id,pitch_class
18,0.1924242424242424,0.0833333333333333,whisper,pitch_note_id,pitch_class
19,0.1994949494949495,0.0833333333333333,whisper,pitch_note_id,pitch_class
20,0.1621212121212121,0.0833333333333333,whisper,pitch_note_id,pitch_class
21,0.1565656565656565,0.0833333333333333,whisper,pitch_note_id,pitch_class
22,0.1676767676767676,0.0833333333333333,whisper,pitch_note_id,pitch_class
23,0.1676767676767676,0.0833333333333333,whisper,pitch_note_id,pitch_class
24,0.1414141414141414,0.0833333333333333,whisper,pitch_note_id,pitch_class
25,0.1191919191919191,0.0833333333333333,whisper,pitch_note_id,pitch_class
26,0.1303030303030302,0.0833333333333333,whisper,pitch_note_id,pitch_class
27,0.1303030303030302,0.0833333333333333,whisper,pitch_note_id,pitch_class
28,0.1303030303030302,0.0833333333333333,whisper,pitch_note_id,pitch_class
29,0.1303030303030302,0.0833333333333333,whisper,pitch_note_id,pitch_class
30,0.1469696969696969,0.0833333333333333,whisper,pitch_note_id,pitch_class
31,0.1414141414141414,0.0833333333333333,whisper,pitch_note_id,pitch_class
32,0.1191919191919191,0.0833333333333333,whisper,pitch_note_id,pitch_class
0,0.8333333333333334,0.5,whisper,tuning_judgment,ground_truth
1,0.8,0.5,whisper,tuning_judgment,ground_truth
2,0.8333333333333334,0.5,whisper,tuning_judgment,ground_truth
3,0.8,0.5,whisper,tuning_judgment,ground_truth
4,0.8666666666666667,0.5,whisper,tuning_judgment,ground_truth
5,0.8333333333333334,0.5,whisper,tuning_judgment,ground_truth
6,0.8,0.5,whisper,tuning_judgment,ground_truth
7,0.8,0.5,whisper,tuning_judgment,ground_truth
8,0.7666666666666667,0.5,whisper,tuning_judgment,ground_truth
9,0.8,0.5,whisper,tuning_judgment,ground_truth
10,0.8,0.5,whisper,tuning_judgment,ground_truth
11,0.8,0.5,whisper,tuning_judgment,ground_truth
12,0.7666666666666667,0.5,whisper,tuning_judgment,ground_truth
13,0.7666666666666667,0.5,whisper,tuning_judgment,ground_truth
14,0.7666666666666667,0.5,whisper,tuning_judgment,ground_truth
15,0.7666666666666667,0.5,whisper,tuning_judgment,ground_truth
16,0.7666666666666667,0.5,whisper,tuning_judgment,ground_truth
17,0.7666666666666667,0.5,whisper,tuning_judgment,ground_truth
18,0.7666666666666667,0.5,whisper,tuning_judgment,ground_truth
19,0.7666666666666667,0.5,whisper,tuning_judgment,ground_truth
20,0.7666666666666667,0.5,whisper,tuning_judgment,ground_truth
21,0.7666666666666667,0.5,whisper,tuning_judgment,ground_truth
22,0.7666666666666667,0.5,whisper,tuning_judgment,ground_truth
23,0.7333333333333333,0.5,whisper,tuning_judgment,ground_truth
24,0.7333333333333333,0.5,whisper,tuning_judgment,ground_truth
25,0.7666666666666667,0.5,whisper,tuning_judgment,ground_truth
26,0.7333333333333333,0.5,whisper,tuning_judgment,ground_truth
27,0.8,0.5,whisper,tuning_judgment,ground_truth
28,0.7,0.5,whisper,tuning_judgment,ground_truth
29,0.6666666666666666,0.5,whisper,tuning_judgment,ground_truth
30,0.7,0.5,whisper,tuning_judgment,ground_truth
31,0.7333333333333333,0.5,whisper,tuning_judgment,ground_truth
32,0.7333333333333333,0.5,whisper,tuning_judgment,ground_truth
